metric,B,M
range_min_radius_mean,6.981,10.95
range_max_radius_mean,17.85,28.11
mean_radius_mean,12.14652380952381,17.462830188679245
median_radius_mean,12.2,17.325000000000003
variance_radius_mean,3.1702217220438738,10.26543081462935
iqr_radius_mean,2.289999999999999,4.514999999999999
